Airline_Code,Route,Avg_Airline_Planes_Age,AvgDepDelayByAirline_min,Airplane_Cost_millions,OriginState,DestState,AvgDepDelayByRoute_min,RouteTraffic,Scheduled_Elapsed_Time_min,AirTime_min,Distance_miles,Fare,Origin_City,Dest_City
AA,MO-TX,22.74,16.766158810527905,75.0,MO,TX,14.357625786163522,2092.538718553459,114.0,88.0,550.0,186.55,"Kansas City, MO","San Antonio, TX"
AA,TX-MO,22.74,16.766158810527905,75.0,TX,MO,8.600981311782958,1863.0049065589149,99.0,77.0,550.0,223.6,"Dallas/Fort Worth, TX","Kansas City, MO"
AA,TX-FL,22.74,16.766158810527905,75.0,TX,FL,10.249832075546248,1780.6730016990005,165.0,124.0,1121.0,190.8,"Dallas/Fort Worth, TX","Panama City, FL"
AA,MA-NY,22.74,16.766158810527905,75.0,MA,NY,27.364051255046515,602.8644900824995,78.0,55.0,187.0,204.66,"Nantucket, MA","New York City, NY (Metropolitan Area)"
AA,CA-CA,22.74,16.766158810527905,75.0,CA,CA,14.333607154686982,6262.635905929115,84.0,54.0,337.0,70.58,"Los Angeles, CA (Metropolitan Area)","San Diego, CA"
AA,FL-FL,22.74,16.766158810527905,75.0,FL,FL,20.929910616960974,1348.525942882058,68.0,39.0,204.0,70.89,"Miami, FL (Metropolitan Area)","Tampa, FL (Metropolitan Area)"
AA,OK-TX,22.74,16.766158810527905,75.0,OK,TX,10.746213120037504,1418.4940669772348,66.0,40.0,175.0,81.3,"Oklahoma City, OK","San Antonio, TX"
AA,IL-NC,22.74,16.766158810527905,75.0,IL,NC,12.824659727782226,513.657806244996,109.0,83.0,646.0,225.35,"Chicago, IL","Raleigh/Durham, NC"
AA,IL-NY,22.74,16.766158810527905,75.0,IL,NY,33.89236560404658,467.2707916715681,140.0,96.0,740.0,260.62,"Chicago, IL","Syracuse, NY"
AA,NY-IL,22.74,16.766158810527905,75.0,NY,IL,19.415958647733348,1002.4164339611432,180.0,120.0,740.0,265.3,"Albany, NY","Chicago, IL"
AA,GA-FL,22.74,16.766158810527905,75.0,GA,FL,18.43656347455693,3831.528371491595,126.0,84.0,594.0,110.19,"Atlanta, GA (Metropolitan Area)","Miami, FL (Metropolitan Area)"
AA,TX-TX,22.74,16.766158810527905,75.0,TX,TX,17.098987785568877,16199.940135921532,75.0,46.0,282.0,73.28,"Dallas/Fort Worth, TX","Midland/Odessa, TX"
AA,NC-FL,22.74,16.766158810527905,75.0,NC,FL,17.558717253839205,1562.9374686339456,129.0,99.0,650.0,269.6,"Charlotte, NC","Miami, FL (Metropolitan Area)"
AA,FL-NC,22.74,16.766158810527905,75.0,FL,NC,12.126876974339002,2486.55324765243,128.0,92.0,650.0,139.14,"Miami, FL (Metropolitan Area)","Raleigh/Durham, NC"
AA,IL-VA,22.74,16.766158810527905,75.0,IL,VA,22.412251210328133,1327.4872243141474,110.0,83.0,612.0,290.5,"Chicago, IL","Richmond, VA"
AA,CO-TX,22.74,16.766158810527905,75.0,CO,TX,12.773691247018114,3210.0349961989145,128.0,87.0,641.0,95.33,"Colorado Springs, CO","San Antonio, TX"
AA,TX-TN,22.74,16.766158810527905,75.0,TX,TN,5.465274307984411,728.4679724193065,107.0,80.0,631.0,231.66,"Dallas/Fort Worth, TX","Nashville, TN"
AA,NY-VA,22.74,16.766158810527905,75.0,NY,VA,14.91046658259773,945.1988230348886,94.0,56.0,213.0,270.07,"New York City, NY (Metropolitan Area)","Norfolk, VA (Metropolitan Area)"
AA,TX-OK,22.74,16.766158810527905,75.0,TX,OK,24.80977489353072,1595.9493003447576,65.0,37.0,237.0,74.28,"Dallas/Fort Worth, TX","Oklahoma City, OK"
AA,GA-TX,22.74,16.766158810527905,75.0,GA,TX,9.200442200010466,3177.604505730284,152.0,128.0,731.0,231.43,"Atlanta, GA (Metropolitan Area)","Dallas/Fort Worth, TX"
AA,IL-MN,22.74,16.766158810527905,75.0,IL,MN,25.4685751183814,417.40292724924666,90.0,60.0,334.0,259.55,"Chicago, IL","Minneapolis/St. Paul, MN"
AA,IL-MO,22.74,16.766158810527905,75.0,IL,MO,10.36958155850664,1231.2773740917064,77.0,43.0,258.0,96.64,"Chicago, IL","Kansas City, MO"
AA,TX-CO,22.74,16.766158810527905,75.0,TX,CO,5.043679580182127,1332.3561763646653,127.0,89.0,641.0,221.6,"Dallas/Fort Worth, TX","Denver, CO"
AA,FL-VA,22.74,16.766158810527905,75.0,FL,VA,17.303993694167104,2626.757901058479,156.0,114.0,921.0,109.89,"Orlando, FL","Richmond, VA"
AA,VA-FL,22.74,16.766158810527905,75.0,VA,FL,24.628614724081324,485.09294102790756,176.0,138.0,919.0,139.42,"Norfolk, VA (Metropolitan Area)","Tampa, FL (Metropolitan Area)"
AA,NY-NC,22.74,16.766158810527905,75.0,NY,NC,20.24961731904658,989.9409577957578,134.0,118.0,541.0,129.71,"New York City, NY (Metropolitan Area)","Raleigh/Durham, NC"
AA,FL-LA,22.74,16.766158810527905,75.0,FL,LA,8.50377922306205,340.259623835472,134.0,121.0,675.0,139.52,"Miami, FL (Metropolitan Area)","New Orleans, LA"
AA,LA-TX,22.74,16.766158810527905,75.0,LA,TX,20.711866763053997,1490.021464716677,104.0,72.0,447.0,104.23,"Baton Rouge, LA","Dallas/Fort Worth, TX"
AA,TX-LA,22.74,16.766158810527905,75.0,TX,LA,17.54749544933594,913.9345378547832,85.0,60.0,447.0,85.92,"Dallas/Fort Worth, TX","New Orleans, LA"
AA,FL-PA,22.74,16.766158810527905,75.0,FL,PA,16.419539407810042,748.7988842797884,169.0,131.0,1013.0,292.68,"Jacksonville, FL","Philadelphia, PA"
AA,TX-KY,22.74,16.766158810527905,75.0,TX,KY,11.28590425531915,51.670212765957444,122.0,88.0,733.0,245.13,"Dallas/Fort Worth, TX","Louisville, KY"
AA,NC-IL,22.74,16.766158810527905,75.0,NC,IL,13.067853705486044,355.7696503047802,142.0,111.0,646.0,275.7,"Charlotte, NC","Chicago, IL"
AA,TX-IA,22.74,16.766158810527905,75.0,TX,IA,0.0176991150442477,75.70290771175726,114.0,84.0,624.0,225.45,"Dallas/Fort Worth, TX","Des Moines, IA"
AA,AZ-CA,22.74,16.766158810527905,75.0,AZ,CA,7.027379557516024,1610.9518574677786,70.0,57.0,304.0,117.95,"Phoenix, AZ","San Francisco, CA (Metropolitan Area)"
AA,CA-AZ,22.74,16.766158810527905,75.0,CA,AZ,5.634694147179285,1033.9863918615406,78.0,51.0,304.0,185.37,"Fresno, CA","Phoenix, AZ"
AA,NM-TX,22.74,16.766158810527905,75.0,NM,TX,16.296414565826332,729.9821848739496,104.0,80.0,569.0,79.49,"Albuquerque, NM","Dallas/Fort Worth, TX"
AA,TX-NE,22.74,16.766158810527905,75.0,TX,NE,1.4398190045248869,124.56923076923077,107.0,82.0,583.0,229.0,"Dallas/Fort Worth, TX","Omaha, NE"
AA,IL-PA,22.74,16.766158810527905,75.0,IL,PA,26.55766423357664,426.82189781021896,125.0,92.0,678.0,219.07,"Chicago, IL","Pittsburgh, PA"
AA,IL-OK,22.74,16.766158810527905,75.0,IL,OK,26.53261927945472,135.10710808179164,117.0,81.0,585.0,221.23,"Chicago, IL","Oklahoma City, OK"
AA,GA-IL,22.74,16.766158810527905,75.0,GA,IL,16.5337601862631,731.113919840346,135.0,94.0,606.0,110.14,"Atlanta, GA (Metropolitan Area)","Chicago, IL"
AA,CO-CA,22.74,16.766158810527905,75.0,CO,CA,11.331903170445308,594.2950049679342,136.0,106.0,748.0,333.1,"Aspen, CO","Los Angeles, CA (Metropolitan Area)"
AA,NC-NY,22.74,16.766158810527905,75.0,NC,NY,15.3423085928354,478.32029969562166,109.0,82.0,541.0,225.1,"Charlotte, NC","New York City, NY (Metropolitan Area)"
AA,IL-MI,22.74,16.766158810527905,75.0,IL,MI,18.72900466562986,126.6687402799378,86.0,48.0,235.0,97.79,"Chicago, IL","Detroit, MI"
AA,NV-AZ,22.74,16.766158810527905,75.0,NV,AZ,9.437136204889406,231.27823050058208,73.0,50.0,255.0,139.83,"Las Vegas, NV","Phoenix, AZ"
AA,NC-MO,22.74,16.766158810527905,75.0,NC,MO,3.3788406715235983,457.96610706366806,121.0,100.0,575.0,286.11,"Charlotte, NC","St. Louis, MO"
AA,PA-GA,22.74,16.766158810527905,75.0,PA,GA,8.928624535315985,132.16877323420076,135.0,109.0,666.0,182.3,"Philadelphia, PA","Savannah, GA"
AA,NC-OH,22.74,16.766158810527905,75.0,NC,OH,6.028054298642534,73.43800904977375,101.0,66.0,430.0,263.23,"Charlotte, NC","Cleveland, OH (Metropolitan Area)"
AA,NC-MI,22.74,16.766158810527905,75.0,NC,MI,4.339977851605759,210.7076411960133,107.0,80.0,500.0,276.12,"Charlotte, NC","Detroit, MI"
AA,TX-KS,22.74,16.766158810527905,75.0,TX,KS,-4.846153846153846,13.256410256410257,79.0,54.0,328.0,79.65,"Dallas/Fort Worth, TX","Wichita, KS"
AA,NC-PA,22.74,16.766158810527905,75.0,NC,PA,19.92200474495848,381.34578884934757,83.0,67.0,366.0,273.7,"Charlotte, NC","Pittsburgh, PA"
AA,GA-PA,22.74,16.766158810527905,75.0,GA,PA,19.77491314682757,605.8710916072408,114.0,92.0,666.0,134.35,"Atlanta, GA (Metropolitan Area)","Philadelphia, PA"
AA,NC-IN,22.74,16.766158810527905,75.0,NC,IN,-0.5236486486486487,35.266891891891895,100.0,75.0,427.0,271.17,"Charlotte, NC","Indianapolis, IN"
AA,MA-PA,22.74,16.766158810527905,75.0,MA,PA,18.47502628811777,482.773396424816,103.0,79.0,280.0,231.91,"Boston, MA (Metropolitan Area)","Philadelphia, PA"
AA,CO-AZ,22.74,16.766158810527905,75.0,CO,AZ,4.885630498533724,224.19061583577712,113.0,92.0,602.0,126.27,"Denver, CO","Phoenix, AZ"
AA,PA-PA,22.74,16.766158810527905,75.0,PA,PA,20.17309941520468,84.84561403508772,91.0,44.0,268.0,320.23,"Philadelphia, PA","Pittsburgh, PA"
AA,NC-LA,22.74,16.766158810527905,75.0,NC,LA,7.287302265925609,147.5335613510047,131.0,110.0,651.0,264.6,"Charlotte, NC","New Orleans, LA"
AA,MI-PA,22.74,16.766158810527905,75.0,MI,PA,24.690331304935768,182.33333333333334,113.0,74.0,453.0,382.87,"Detroit, MI","Philadelphia, PA"
AA,NY-PA,22.74,16.766158810527905,75.0,NY,PA,6.0125,59.917857142857144,99.0,35.0,96.0,266.71,"New York City, NY (Metropolitan Area)","Pittsburgh, PA"
AA,MA-VA,22.74,16.766158810527905,75.0,MA,VA,19.05034556385908,1772.0770354554138,106.0,67.0,399.0,204.7,"Boston, MA (Metropolitan Area)","Norfolk, VA (Metropolitan Area)"
AA,NC-TN,22.74,16.766158810527905,75.0,NC,TN,9.274148296593186,239.54268537074148,114.0,91.0,511.0,284.21,"Charlotte, NC","Memphis, TN"
AA,NC-CT,22.74,16.766158810527905,75.0,NC,CT,9.087281795511222,83.68329177057356,111.0,85.0,644.0,280.42,"Charlotte, NC","Hartford, CT"
AA,PA-NC,22.74,16.766158810527905,75.0,PA,NC,12.393882284720208,780.1484488257466,133.0,101.0,449.0,79.71,"Philadelphia, PA","Raleigh/Durham, NC"
AA,GA-NC,22.74,16.766158810527905,75.0,GA,NC,16.405478395061728,1513.5812757201645,80.0,41.0,226.0,271.45,"Atlanta, GA (Metropolitan Area)","Charlotte, NC"
AA,OH-NC,22.74,16.766158810527905,75.0,OH,NC,2.6579457364341086,114.93604651162791,103.0,74.0,430.0,152.82,"Cleveland, OH (Metropolitan Area)","Raleigh/Durham, NC"
AA,MI-NC,22.74,16.766158810527905,75.0,MI,NC,10.985767000527147,348.37163943068003,110.0,84.0,500.0,287.25,"Detroit, MI","Raleigh/Durham, NC"
AS,WA-CA,,3.6851971999317055,,WA,CA,3.886785920369302,943.5819965377957,110.0,87.0,605.0,137.82,"Everett, WA","San Francisco, CA (Metropolitan Area)"
AS,CA-OR,,3.6851971999317055,,CA,OR,5.322846441947566,152.4554307116105,154.0,127.0,933.0,230.62,"Los Angeles, CA (Metropolitan Area)","Medford, OR"
AS,OR-CA,,3.6851971999317055,,OR,CA,6.489055413133504,705.2649576020509,127.0,93.0,550.0,82.68,"Portland, OR","San Francisco, CA (Metropolitan Area)"
AS,CA-CA,,3.6851971999317055,,CA,CA,14.333607154686982,6262.635905929115,83.0,64.0,421.0,116.55,"Los Angeles, CA (Metropolitan Area)","Santa Rosa, CA"
AS,UT-CA,,3.6851971999317055,,UT,CA,5.066942061222328,530.5627581823959,122.0,89.0,626.0,138.22,"Salt Lake City, UT","San Diego, CA"
AS,OR-NV,,3.6851971999317055,,OR,NV,10.16279069767442,30.53488372093023,120.0,111.0,763.0,96.56,"Portland, OR","Reno, NV"
AS,OR-UT,,3.6851971999317055,,OR,UT,4.9916943521594686,40.28239202657807,104.0,90.0,630.0,180.79,"Portland, OR","Salt Lake City, UT"
AS,WA-WA,,3.6851971999317055,,WA,WA,8.03818301514154,135.76629361421988,55.0,36.0,224.0,119.96,"Pasco/Kennewick/Richland, WA","Seattle, WA"
AS,UT-WA,,3.6851971999317055,,UT,WA,7.178033658104518,108.76085031000886,120.0,111.0,689.0,200.6,"Salt Lake City, UT","Seattle, WA"
AS,CA-WA,,3.6851971999317055,,CA,WA,7.494543710277012,866.8489027461326,115.0,109.0,605.0,74.23,"Sacramento, CA","Seattle, WA"
AS,OR-WA,,3.6851971999317055,,OR,WA,-3.112781954887218,11.330827067669173,54.0,28.0,129.0,90.11,"Portland, OR","Spokane, WA"
AS,NV-WA,,3.6851971999317055,,NV,WA,3.4494949494949494,175.2716049382716,154.0,117.0,867.0,93.04,"Reno, NV","Seattle, WA"
B6,NY-NY,11.3,36.15642458100559,98.0,NY,NY,51.56127007123023,449.0424966799469,77.0,52.0,264.0,96.68,"New York City, NY (Metropolitan Area)","Rochester, NY"
B6,MA-NY,11.3,36.15642458100559,98.0,MA,NY,27.364051255046515,602.8644900824995,102.0,75.0,395.0,136.28,"Boston, MA (Metropolitan Area)","Buffalo, NY"
B6,MA-OH,11.3,36.15642458100559,98.0,MA,OH,15.411931818181818,87.375,131.0,99.0,563.0,138.16,"Boston, MA (Metropolitan Area)","Cleveland, OH (Metropolitan Area)"
B6,NV-CA,11.3,36.15642458100559,98.0,NV,CA,19.051002147458835,1713.9622567840177,96.0,69.0,414.0,119.58,"Las Vegas, NV","Los Angeles, CA (Metropolitan Area)"
B6,NY-GA,11.3,36.15642458100559,98.0,NY,GA,45.45009416195857,46.04331450094162,145.0,116.0,718.0,202.75,"New York City, NY (Metropolitan Area)","Savannah, GA"
B6,FL-FL,11.3,36.15642458100559,98.0,FL,FL,20.929910616960974,1348.525942882058,73.0,63.0,319.0,127.27,"Jacksonville, FL","Miami, FL (Metropolitan Area)"
B6,SC-FL,11.3,36.15642458100559,98.0,SC,FL,8.671130952380953,48.24107142857143,104.0,76.0,470.0,148.23,"Charleston, SC","Miami, FL (Metropolitan Area)"
B6,VT-NY,11.3,36.15642458100559,98.0,VT,NY,33.31041257367387,55.72888015717092,78.0,55.0,266.0,133.6,"Burlington, VT","New York City, NY (Metropolitan Area)"
B6,MA-PA,11.3,36.15642458100559,98.0,MA,PA,18.47502628811777,482.773396424816,99.0,67.0,280.0,139.99,"Boston, MA (Metropolitan Area)","Pittsburgh, PA"
B6,CA-UT,11.3,36.15642458100559,98.0,CA,UT,12.513363415480736,185.05553627212774,104.0,77.0,588.0,133.57,"Los Angeles, CA (Metropolitan Area)","Salt Lake City, UT"
B6,FL-VA,11.3,36.15642458100559,98.0,FL,VA,17.303993694167104,2626.757901058479,123.0,103.0,814.0,109.89,"Orlando, FL","Richmond, VA"
B6,MA-VA,11.3,36.15642458100559,98.0,MA,VA,19.05034556385908,1772.0770354554138,107.0,74.0,413.0,136.3,"Boston, MA (Metropolitan Area)","Richmond, VA"
B6,NY-VA,11.3,36.15642458100559,98.0,NY,VA,14.91046658259773,945.1988230348886,78.0,47.0,228.0,95.07,"New York City, NY (Metropolitan Area)","Richmond, VA"
B6,NY-ME,11.3,36.15642458100559,98.0,NY,ME,56.43515850144093,28.654178674351584,68.0,45.0,273.0,137.75,"New York City, NY (Metropolitan Area)","Portland, ME"
B6,MA-NC,11.3,36.15642458100559,98.0,MA,NC,22.825819672131143,187.29508196721312,151.0,134.0,728.0,230.04,"Boston, MA (Metropolitan Area)","Charlotte, NC"
DL,GA-NY,,14.017270340107132,,GA,NY,22.15627136670972,694.9495555724379,135.0,95.0,762.0,228.08,"Atlanta, GA (Metropolitan Area)","Rochester, NY"
DL,KY-FL,,14.017270340107132,,KY,FL,9.141918020108276,194.2188708430008,129.0,103.0,757.0,85.67,"Louisville, KY","Orlando, FL"
DL,GA-IL,,14.017270340107132,,GA,IL,16.5337601862631,731.113919840346,125.0,89.0,606.0,110.14,"Atlanta, GA (Metropolitan Area)","Chicago, IL"
DL,GA-OH,,14.017270340107132,,GA,OH,10.301324797723838,687.7388636969858,93.0,64.0,447.0,253.94,"Atlanta, GA (Metropolitan Area)","Cincinnati, OH"
DL,GA-TX,,14.017270340107132,,GA,TX,9.200442200010466,3177.604505730284,139.0,109.0,689.0,241.81,"Atlanta, GA (Metropolitan Area)","Houston, TX"
DL,GA-FL,,14.017270340107132,,GA,FL,18.43656347455693,3831.528371491595,101.0,75.0,515.0,97.11,"Atlanta, GA (Metropolitan Area)","Tampa, FL (Metropolitan Area)"
DL,GA-MI,,14.017270340107132,,GA,MI,11.545927740355175,361.44151867728107,114.0,88.0,640.0,264.23,"Atlanta, GA (Metropolitan Area)","Grand Rapids, MI"
DL,GA-IN,,14.017270340107132,,GA,IN,9.865296803652969,218.2802511415525,83.0,60.0,350.0,221.98,"Atlanta, GA (Metropolitan Area)","Indianapolis, IN"
DL,UT-CA,,14.017270340107132,,UT,CA,5.066942061222328,530.5627581823959,117.0,86.0,588.0,75.3,"Salt Lake City, UT","San Diego, CA"
DL,GA-GA,,14.017270340107132,,GA,GA,15.850901225666908,634.9763518385004,52.0,32.0,143.0,117.68,"Atlanta, GA (Metropolitan Area)","Savannah, GA"
DL,GA-MO,,14.017270340107132,,GA,MO,6.580022573363431,1272.0589164785554,131.0,106.0,692.0,236.86,"Atlanta, GA (Metropolitan Area)","St. Louis, MO"
DL,MA-MI,,14.017270340107132,,MA,MI,13.132799325463743,152.23608768971332,139.0,110.0,632.0,309.13,"Boston, MA (Metropolitan Area)","Detroit, MI"
DL,UT-WA,,14.017270340107132,,UT,WA,7.178033658104518,108.76085031000886,131.0,84.0,689.0,88.04,"Salt Lake City, UT","Seattle, WA"
DL,GA-KY,,14.017270340107132,,GA,KY,12.06885955723165,779.8365109295341,81.0,59.0,373.0,331.05,"Atlanta, GA (Metropolitan Area)","Louisville, KY"
DL,NY-MI,,14.017270340107132,,NY,MI,21.07590027700831,218.93185595567866,131.0,83.0,502.0,242.73,"New York City, NY (Metropolitan Area)","Traverse City, MI"
DL,GA-OK,,14.017270340107132,,GA,OK,7.041943270971635,481.9818949909475,138.0,114.0,761.0,243.43,"Atlanta, GA (Metropolitan Area)","Tulsa, OK"
DL,MI-NY,,14.017270340107132,,MI,NY,31.28313864906044,202.1838496698832,113.0,73.0,509.0,282.23,"Grand Rapids, MI","New York City, NY (Metropolitan Area)"
DL,FL-FL,,14.017270340107132,,FL,FL,20.929910616960974,1348.525942882058,64.0,36.0,192.0,261.84,"Miami, FL (Metropolitan Area)","Tallahassee, FL"
DL,NY-NY,,14.017270340107132,,NY,NY,51.56127007123023,449.0424966799469,95.0,50.0,292.0,96.31,"New York City, NY (Metropolitan Area)","Rochester, NY"
DL,MA-NY,,14.017270340107132,,MA,NY,27.364051255046515,602.8644900824995,79.0,48.0,184.0,221.48,"Nantucket, MA","New York City, NY (Metropolitan Area)"
DL,CA-CA,,14.017270340107132,,CA,CA,14.333607154686982,6262.635905929115,90.0,49.0,337.0,86.0,"Los Angeles, CA (Metropolitan Area)","San Diego, CA"
DL,NC-MI,,14.017270340107132,,NC,MI,4.339977851605759,210.7076411960133,109.0,85.0,501.0,261.57,"Charlotte, NC","Detroit, MI"
DL,NV-WA,,14.017270340107132,,NV,WA,3.4494949494949494,175.2716049382716,164.0,119.0,867.0,113.6,"Las Vegas, NV","Pasco/Kennewick/Richland, WA"
VX,CA-CA,9.2,23.9101760786802,90.0,CA,CA,14.333607154686982,6262.635905929115,90.0,69.0,421.0,96.38,"San Diego, CA","San Francisco, CA (Metropolitan Area)"
VX,NV-CA,9.2,23.9101760786802,90.0,NV,CA,19.051002147458835,1713.9622567840177,100.0,72.0,414.0,99.51,"Las Vegas, NV","San Francisco, CA (Metropolitan Area)"
WN,NM-TX,11.7,12.493368359174076,74.0,NM,TX,16.296414565826332,729.9821848739496,95.0,85.0,580.0,71.06,"Albuquerque, NM","El Paso, TX"
WN,NM-CA,11.7,12.493368359174076,74.0,NM,CA,7.872580645161291,103.00376344086021,120.0,99.0,677.0,86.8,"Albuquerque, NM","Los Angeles, CA (Metropolitan Area)"
WN,NM-MO,11.7,12.493368359174076,74.0,NM,MO,8.391959798994975,57.175879396984925,110.0,87.0,718.0,96.6,"Albuquerque, NM","Kansas City, MO"
WN,NY-IL,11.7,12.493368359174076,74.0,NY,IL,19.415958647733348,1002.4164339611432,150.0,118.0,717.0,99.26,"Buffalo, NY","Chicago, IL"
WN,TX-TX,11.7,12.493368359174076,74.0,TX,TX,17.098987785568877,16199.940135921532,65.0,51.0,323.0,76.33,"Dallas/Fort Worth, TX","San Antonio, TX"
WN,GA-OH,11.7,12.493368359174076,74.0,GA,OH,10.301324797723838,687.7388636969858,100.0,73.0,528.0,136.35,"Atlanta, GA (Metropolitan Area)","Cleveland, OH (Metropolitan Area)"
WN,GA-MI,11.7,12.493368359174076,74.0,GA,MI,11.545927740355175,361.44151867728107,115.0,87.0,594.0,200.0,"Atlanta, GA (Metropolitan Area)","Grand Rapids, MI"
WN,GA-FL,11.7,12.493368359174076,74.0,GA,FL,18.43656347455693,3831.528371491595,105.0,83.0,581.0,133.83,"Atlanta, GA (Metropolitan Area)","Tampa, FL (Metropolitan Area)"
WN,GA-NY,11.7,12.493368359174076,74.0,GA,NY,22.15627136670972,694.9495555724379,130.0,92.0,762.0,194.95,"Atlanta, GA (Metropolitan Area)","Buffalo, NY"
WN,GA-MO,11.7,12.493368359174076,74.0,GA,MO,6.580022573363431,1272.0589164785554,135.0,111.0,692.0,255.94,"Atlanta, GA (Metropolitan Area)","Kansas City, MO"
WN,GA-IL,11.7,12.493368359174076,74.0,GA,IL,16.5337601862631,731.113919840346,125.0,88.0,591.0,131.23,"Atlanta, GA (Metropolitan Area)","Chicago, IL"
WN,GA-OK,11.7,12.493368359174076,74.0,GA,OK,7.041943270971635,481.9818949909475,145.0,122.0,761.0,283.14,"Atlanta, GA (Metropolitan Area)","Tulsa, OK"
WN,TX-FL,11.7,12.493368359174076,74.0,TX,FL,10.249832075546248,1780.6730016990005,150.0,124.0,1105.0,190.8,"Dallas/Fort Worth, TX","Panama City, FL"
WN,TX-CA,11.7,12.493368359174076,74.0,TX,CA,7.631084582639274,614.2573570238757,205.0,185.0,1242.0,97.33,"El Paso, TX","San Diego, CA"
WN,TX-MO,11.7,12.493368359174076,74.0,TX,MO,8.600981311782958,1863.0049065589149,115.0,92.0,721.0,203.09,"Austin, TX","St. Louis, MO"
WN,AL-TX,11.7,12.493368359174076,74.0,AL,TX,8.490535129231889,238.85438660356752,110.0,95.0,587.0,109.24,"Birmingham, AL","Houston, TX"
WN,AL-FL,11.7,12.493368359174076,74.0,AL,FL,28.773006134969325,97.42791411042944,90.0,66.0,479.0,82.95,"Birmingham, AL","Orlando, FL"
WN,AL-IL,11.7,12.493368359174076,74.0,AL,IL,9.055350553505535,49.140221402214024,110.0,87.0,570.0,114.91,"Birmingham, AL","Chicago, IL"
WN,TN-FL,11.7,12.493368359174076,74.0,TN,FL,19.99318594791036,457.63991520290733,75.0,60.0,401.0,117.77,"Nashville, TN","Tampa, FL (Metropolitan Area)"
WN,CA-CA,11.7,12.493368359174076,74.0,CA,CA,14.333607154686982,6262.635905929115,70.0,51.0,325.0,93.68,"Sacramento, CA","San Diego, CA"
WN,OH-MO,11.7,12.493368359174076,74.0,OH,MO,-4.087696335078534,116.93455497382199,90.0,66.0,409.0,79.1,"Cleveland, OH (Metropolitan Area)","St. Louis, MO"
WN,TX-AR,11.7,12.493368359174076,74.0,TX,AR,14.465532676812892,81.37600716204118,60.0,40.0,296.0,69.27,"Dallas/Fort Worth, TX","Little Rock, AR"
WN,TX-OK,11.7,12.493368359174076,74.0,TX,OK,24.80977489353072,1595.9493003447576,50.0,31.0,181.0,98.67,"Dallas/Fort Worth, TX","Tulsa, OK"
WN,CO-TX,11.7,12.493368359174076,74.0,CO,TX,12.773691247018114,3210.0349961989145,125.0,99.0,775.0,148.03,"Denver, CO","El Paso, TX"
WN,CO-MO,11.7,12.493368359174076,74.0,CO,MO,4.289504036908881,687.7547866205306,90.0,70.0,533.0,97.45,"Denver, CO","Kansas City, MO"
WN,CO-OK,11.7,12.493368359174076,74.0,CO,OK,15.0142478462558,593.0947647448642,85.0,67.0,495.0,111.52,"Denver, CO","Oklahoma City, OK"
WN,MI-MO,11.7,12.493368359174076,74.0,MI,MO,6.991176470588235,470.52875816993463,100.0,68.0,440.0,87.13,"Detroit, MI","St. Louis, MO"
WN,FL-FL,11.7,12.493368359174076,74.0,FL,FL,20.929910616960974,1348.525942882058,65.0,37.0,197.0,71.25,"Miami, FL (Metropolitan Area)","Tampa, FL (Metropolitan Area)"
WN,IN-MO,11.7,12.493368359174076,74.0,IN,MO,10.442602040816327,114.51785714285714,95.0,76.0,451.0,83.3,"Indianapolis, IN","Kansas City, MO"
WN,NV-CA,11.7,12.493368359174076,74.0,NV,CA,19.051002147458835,1713.9622567840177,65.0,46.0,223.0,77.62,"Reno, NV","San Francisco, CA (Metropolitan Area)"
WN,NV-WA,11.7,12.493368359174076,74.0,NV,WA,3.4494949494949494,175.2716049382716,145.0,101.0,806.0,93.04,"Reno, NV","Seattle, WA"
WN,CA-WA,11.7,12.493368359174076,74.0,CA,WA,7.494543710277012,866.8489027461326,180.0,138.0,1050.0,88.56,"San Francisco, CA (Metropolitan Area)","Spokane, WA"
WN,KY-FL,11.7,12.493368359174076,74.0,KY,FL,9.141918020108276,194.2188708430008,120.0,97.0,719.0,95.06,"Louisville, KY","Tampa, FL (Metropolitan Area)"
WN,UT-CA,11.7,12.493368359174076,74.0,UT,CA,5.066942061222328,530.5627581823959,115.0,92.0,590.0,93.41,"Salt Lake City, UT","San Francisco, CA (Metropolitan Area)"
WN,MO-TX,11.7,12.493368359174076,74.0,MO,TX,14.357625786163522,2092.538718553459,135.0,108.0,721.0,186.55,"Kansas City, MO","San Antonio, TX"
WN,MO-MO,11.7,12.493368359174076,74.0,MO,MO,18.900590551181104,466.3261154855643,60.0,39.0,237.0,65.29,"Kansas City, MO","St. Louis, MO"
WN,MO-OK,11.7,12.493368359174076,74.0,MO,OK,15.01303680981595,217.42944785276075,90.0,66.0,462.0,69.29,"Kansas City, MO","Oklahoma City, OK"
WN,OK-TX,11.7,12.493368359174076,74.0,OK,TX,10.746213120037504,1418.4940669772348,60.0,43.0,237.0,87.32,"Oklahoma City, OK","San Antonio, TX"
WN,OK-MO,11.7,12.493368359174076,74.0,OK,MO,11.362629246676514,251.5805022156573,75.0,48.0,351.0,88.45,"Oklahoma City, OK","St. Louis, MO"
WN,AZ-CA,11.7,12.493368359174076,74.0,AZ,CA,7.027379557516024,1610.9518574677786,95.0,70.0,451.0,75.85,"Phoenix, AZ","San Diego, CA"
WN,AR-TX,11.7,12.493368359174076,74.0,AR,TX,8.74134001823154,182.33500455788513,70.0,51.0,296.0,92.07,"Little Rock, AR","San Antonio, TX"
WN,IL-OH,11.7,12.493368359174076,74.0,IL,OH,16.507301692665116,413.8639230003319,70.0,48.0,307.0,83.61,"Chicago, IL","Cleveland, OH (Metropolitan Area)"
WN,IL-MI,11.7,12.493368359174076,74.0,IL,MI,18.72900466562986,126.6687402799378,65.0,43.0,228.0,85.66,"Chicago, IL","Detroit, MI"
WN,IL-AR,11.7,12.493368359174076,74.0,IL,AR,-0.5263157894736842,17.105263157894736,105.0,81.0,544.0,92.09,"Chicago, IL","Little Rock, AR"
WN,IL-MO,11.7,12.493368359174076,74.0,IL,MO,10.36958155850664,1231.2773740917064,90.0,63.0,405.0,85.11,"Chicago, IL","Kansas City, MO"
WN,IL-OK,11.7,12.493368359174076,74.0,IL,OK,26.53261927945472,135.10710808179164,130.0,108.0,691.0,221.23,"Chicago, IL","Oklahoma City, OK"
WN,IL-KY,11.7,12.493368359174076,74.0,IL,KY,5.478968792401628,105.66214382632293,70.0,44.0,271.0,99.45,"Chicago, IL","Louisville, KY"
WN,LA-TX,11.7,12.493368359174076,74.0,LA,TX,20.711866763053997,1490.021464716677,90.0,72.0,444.0,86.21,"New Orleans, LA","San Antonio, TX"
WN,LA-FL,11.7,12.493368359174076,74.0,LA,FL,16.604240282685513,218.547703180212,105.0,84.0,674.0,89.42,"New Orleans, LA","Tampa, FL (Metropolitan Area)"
WN,NE-MO,11.7,12.493368359174076,74.0,NE,MO,37.34159779614325,182.05785123966942,70.0,50.0,342.0,76.86,"Omaha, NE","St. Louis, MO"
WN,OR-CA,11.7,12.493368359174076,74.0,OR,CA,6.489055413133504,705.2649576020509,140.0,108.0,834.0,77.8,"Portland, OR","Sacramento, CA"
WN,PA-MO,11.7,12.493368359174076,74.0,PA,MO,8.020250723240116,189.595949855352,165.0,123.0,814.0,225.88,"Pittsburgh, PA","St. Louis, MO"
WN,NC-FL,11.7,12.493368359174076,74.0,NC,FL,17.558717253839205,1562.9374686339456,120.0,100.0,680.0,133.1,"Raleigh/Durham, NC","Tampa, FL (Metropolitan Area)"
WN,NC-MO,11.7,12.493368359174076,74.0,NC,MO,3.3788406715235983,457.96610706366806,130.0,116.0,667.0,215.16,"Raleigh/Durham, NC","St. Louis, MO"
WN,ID-WA,11.7,12.493368359174076,74.0,ID,WA,-3.540983606557377,16.005464480874316,70.0,49.0,287.0,85.55,"Boise, ID","Seattle, WA"
WN,ID-CA,11.7,12.493368359174076,74.0,ID,CA,5.062383031815346,48.58827199001872,105.0,83.0,512.0,131.94,"Boise, ID","Sacramento, CA"
WN,MA-OH,11.7,12.493368359174076,74.0,MA,OH,15.411931818181818,87.375,145.0,118.0,640.0,237.44,"Boston, MA (Metropolitan Area)","Cleveland, OH (Metropolitan Area)"
WN,TX-AZ,11.7,12.493368359174076,74.0,TX,AZ,5.685938615274804,191.90649536045683,155.0,126.0,872.0,83.74,"El Paso, TX","Phoenix, AZ"
WN,NM-AZ,11.7,12.493368359174076,74.0,NM,AZ,9.466981132075473,58.35377358490566,75.0,58.0,328.0,88.77,"Albuquerque, NM","Phoenix, AZ"
WN,IL-PA,11.7,12.493368359174076,74.0,IL,PA,26.55766423357664,426.82189781021896,115.0,86.0,668.0,96.03,"Chicago, IL","Pittsburgh, PA"
WN,NV-AZ,11.7,12.493368359174076,74.0,NV,AZ,9.437136204889406,231.27823050058208,70.0,45.0,255.0,79.42,"Las Vegas, NV","Phoenix, AZ"
WN,CA-AZ,11.7,12.493368359174076,74.0,CA,AZ,5.634694147179285,1033.9863918615406,75.0,55.0,370.0,81.85,"San Diego, CA","Tucson, AZ"
WN,MO-WI,11.7,12.493368359174076,74.0,MO,WI,11.21334503950834,116.20105355575066,90.0,69.0,436.0,111.93,"Kansas City, MO","Milwaukee, WI"
WN,UT-AZ,11.7,12.493368359174076,74.0,UT,AZ,8.216524216524217,97.61253561253561,95.0,76.0,507.0,93.1,"Salt Lake City, UT","Tucson, AZ"
WN,NM-NV,11.7,12.493368359174076,74.0,NM,NV,12.943775100401606,16.46987951807229,95.0,73.0,486.0,77.29,"Albuquerque, NM","Las Vegas, NV"
WN,TX-NV,11.7,12.493368359174076,74.0,TX,NV,7.472829922371207,100.18419195483416,140.0,108.0,758.0,84.24,"El Paso, TX","Las Vegas, NV"
WN,TN-PA,11.7,12.493368359174076,74.0,TN,PA,17.18811881188119,60.35841584158416,110.0,94.0,675.0,119.56,"Nashville, TN","Pittsburgh, PA"
WN,ID-AZ,11.7,12.493368359174076,74.0,ID,AZ,1.4305555555555556,9.666666666666666,120.0,107.0,735.0,93.7,"Boise, ID","Phoenix, AZ"
WN,CO-AZ,11.7,12.493368359174076,74.0,CO,AZ,4.885630498533724,224.19061583577712,115.0,91.0,602.0,94.86,"Denver, CO","Phoenix, AZ"
WN,CO-NV,11.7,12.493368359174076,74.0,CO,NV,12.33262260127932,97.46481876332622,115.0,91.0,628.0,130.92,"Denver, CO","Las Vegas, NV"
WN,CO-UT,11.7,12.493368359174076,74.0,CO,UT,6.767950963222416,70.50788091068301,85.0,68.0,391.0,99.04,"Denver, CO","Salt Lake City, UT"
WN,NV-NV,11.7,12.493368359174076,74.0,NV,NV,19.04663677130045,77.58834080717489,80.0,58.0,345.0,76.52,"Las Vegas, NV","Reno, NV"
WN,NV-UT,11.7,12.493368359174076,74.0,NV,UT,16.17,75.54666666666667,75.0,51.0,368.0,86.56,"Reno, NV","Salt Lake City, UT"
WN,CA-NV,11.7,12.493368359174076,74.0,CA,NV,21.789316987740804,402.661646234676,60.0,43.0,236.0,76.63,"Los Angeles, CA (Metropolitan Area)","Reno, NV"
WN,CA-UT,11.7,12.493368359174076,74.0,CA,UT,12.513363415480736,185.05553627212774,105.0,82.0,590.0,94.92,"Los Angeles, CA (Metropolitan Area)","Salt Lake City, UT"
WN,IL-VA,11.7,12.493368359174076,74.0,IL,VA,22.412251210328133,1327.4872243141474,105.0,81.0,601.0,246.29,"Chicago, IL","Richmond, VA"
WN,NM-CO,11.7,12.493368359174076,74.0,NM,CO,4.14209726443769,103.06382978723404,90.0,56.0,349.0,96.16,"Albuquerque, NM","Denver, CO"
WN,TX-CO,11.7,12.493368359174076,74.0,TX,CO,5.043679580182127,1332.3561763646653,140.0,110.0,775.0,117.73,"Dallas/Fort Worth, TX","Denver, CO"
WN,ID-NV,11.7,12.493368359174076,74.0,ID,NV,17.804511278195488,9.631578947368421,100.0,84.0,519.0,99.28,"Boise, ID","Reno, NV"
WN,OR-NV,11.7,12.493368359174076,74.0,OR,NV,10.16279069767442,30.53488372093023,120.0,108.0,763.0,76.23,"Portland, OR","Reno, NV"
WN,AZ-NV,11.7,12.493368359174076,74.0,AZ,NV,13.123076923076924,73.70961538461539,60.0,47.0,255.0,79.9,"Phoenix, AZ","Reno, NV"
WN,AZ-UT,11.7,12.493368359174076,74.0,AZ,UT,6.280182232346242,59.51480637813212,95.0,71.0,507.0,77.42,"Phoenix, AZ","Salt Lake City, UT"
WN,IL-MN,11.7,12.493368359174076,74.0,IL,MN,25.4685751183814,417.40292724924666,85.0,68.0,349.0,134.62,"Chicago, IL","Minneapolis/St. Paul, MN"
WN,MO-MN,11.7,12.493368359174076,74.0,MO,MN,17.70033388981636,228.26210350584307,80.0,64.0,393.0,287.97,"Kansas City, MO","Minneapolis/St. Paul, MN"
WN,IL-NE,11.7,12.493368359174076,74.0,IL,NE,10.58595641646489,196.81501210653752,90.0,69.0,423.0,89.66,"Chicago, IL","Omaha, NE"
WN,CO-MN,11.7,12.493368359174076,74.0,CO,MN,22.434444444444445,255.57481481481483,115.0,86.0,680.0,139.44,"Denver, CO","Minneapolis/St. Paul, MN"
WN,TX-NE,11.7,12.493368359174076,74.0,TX,NE,1.4398190045248869,124.56923076923077,110.0,76.0,585.0,229.0,"Dallas/Fort Worth, TX","Omaha, NE"
WN,CO-NE,11.7,12.493368359174076,74.0,CO,NE,2.630794701986755,112.66556291390728,80.0,69.0,472.0,139.47,"Denver, CO","Omaha, NE"
WN,GA-LA,11.7,12.493368359174076,74.0,GA,LA,8.871960404562083,574.0449752528513,95.0,78.0,425.0,125.63,"Atlanta, GA (Metropolitan Area)","New Orleans, LA"
WN,TX-LA,11.7,12.493368359174076,74.0,TX,LA,17.54749544933594,913.9345378547832,75.0,54.0,444.0,84.86,"Houston, TX","New Orleans, LA"
WN,TN-LA,11.7,12.493368359174076,74.0,TN,LA,15.27878787878788,118.48209366391184,95.0,76.0,471.0,91.87,"Nashville, TN","New Orleans, LA"
UA,MT-CO,16.5,15.97800464807437,90.0,MT,CO,7.716196136701337,103.39078751857355,99.0,71.0,524.0,192.9,"Bozeman, MT","Denver, CO"
UA,CO-NV,16.5,15.97800464807437,90.0,CO,NV,12.33262260127932,97.46481876332622,142.0,126.0,804.0,130.92,"Denver, CO","Las Vegas, NV"
UA,AZ-CA,16.5,15.97800464807437,90.0,AZ,CA,7.027379557516024,1610.9518574677786,127.0,108.0,651.0,86.84,"Phoenix, AZ","San Francisco, CA (Metropolitan Area)"
UA,TX-CO,16.5,15.97800464807437,90.0,TX,CO,5.043679580182127,1332.3561763646653,132.0,96.0,641.0,221.6,"Dallas/Fort Worth, TX","Denver, CO"
UA,CO-CA,16.5,15.97800464807437,90.0,CO,CA,11.331903170445308,594.2950049679342,162.0,131.0,862.0,333.1,"Aspen, CO","Los Angeles, CA (Metropolitan Area)"
UA,CA-CA,16.5,15.97800464807437,90.0,CA,CA,14.333607154686982,6262.635905929115,95.0,62.0,337.0,99.76,"Los Angeles, CA (Metropolitan Area)","San Francisco, CA (Metropolitan Area)"
UA,NV-CA,16.5,15.97800464807437,90.0,NV,CA,19.051002147458835,1713.9622567840177,85.0,46.0,236.0,70.17,"Reno, NV","San Francisco, CA (Metropolitan Area)"
UA,TX-TX,16.5,15.97800464807437,90.0,TX,TX,17.098987785568877,16199.940135921532,62.0,37.0,140.0,315.22,"Houston, TX","Midland/Odessa, TX"
UA,OR-CA,16.5,15.97800464807437,90.0,OR,CA,6.489055413133504,705.2649576020509,110.0,81.0,550.0,71.51,"Portland, OR","San Francisco, CA (Metropolitan Area)"
UA,CO-TX,16.5,15.97800464807437,90.0,CO,TX,12.773691247018114,3210.0349961989145,122.0,86.0,641.0,96.27,"Colorado Springs, CO","San Antonio, TX"
UA,CA-NV,16.5,15.97800464807437,90.0,CA,NV,21.789316987740804,402.661646234676,101.0,59.0,414.0,90.3,"Fresno, CA","Las Vegas, NV"
UA,WA-CA,16.5,15.97800464807437,90.0,WA,CA,3.886785920369302,943.5819965377957,129.0,96.0,679.0,134.15,"Everett, WA","San Francisco, CA (Metropolitan Area)"
UA,CA-OR,16.5,15.97800464807437,90.0,CA,OR,5.322846441947566,152.4554307116105,115.0,76.0,550.0,230.62,"Los Angeles, CA (Metropolitan Area)","Medford, OR"
UA,CO-UT,16.5,15.97800464807437,90.0,CO,UT,6.767950963222416,70.50788091068301,104.0,77.0,391.0,90.98,"Denver, CO","Salt Lake City, UT"
UA,IL-VA,16.5,15.97800464807437,90.0,IL,VA,22.412251210328133,1327.4872243141474,121.0,90.0,717.0,224.54,"Chicago, IL","Richmond, VA"
UA,UT-CA,16.5,15.97800464807437,90.0,UT,CA,5.066942061222328,530.5627581823959,128.0,99.0,599.0,88.66,"Salt Lake City, UT","San Francisco, CA (Metropolitan Area)"
WN,FL-LA,11.7,12.493368359174076,74.0,FL,LA,8.50377922306205,340.259623835472,100.0,84.0,488.0,139.52,"Miami, FL (Metropolitan Area)","New Orleans, LA"
WN,TX-TN,11.7,12.493368359174076,74.0,TX,TN,5.465274307984411,728.4679724193065,115.0,91.0,756.0,230.09,"Dallas/Fort Worth, TX","Nashville, TN"
WN,MO-TN,11.7,12.493368359174076,74.0,MO,TN,3.622431982232093,138.73459189339255,85.0,71.0,491.0,71.46,"Kansas City, MO","Nashville, TN"
WN,FL-TN,11.7,12.493368359174076,74.0,FL,TN,6.287326834273987,561.0194971780401,115.0,93.0,616.0,180.2,"Fort Myers, FL","Nashville, TN"
WN,IL-TN,11.7,12.493368359174076,74.0,IL,TN,9.792908224076282,274.7651966626937,90.0,64.0,395.0,89.61,"Chicago, IL","Nashville, TN"
WN,IL-IN,11.7,12.493368359174076,74.0,IL,IN,17.22074281709881,97.21443587946742,60.0,32.0,162.0,97.54,"Chicago, IL","Indianapolis, IN"
WN,OH-TN,11.7,12.493368359174076,74.0,OH,TN,6.618909090909091,91.688,95.0,79.0,448.0,78.68,"Cleveland, OH (Metropolitan Area)","Nashville, TN"
UA,IL-OH,16.5,15.97800464807437,90.0,IL,OH,16.507301692665116,413.8639230003319,79.0,46.0,316.0,329.25,"Chicago, IL","Cincinnati, OH"
UA,IL-NY,16.5,15.97800464807437,90.0,IL,NY,33.89236560404658,467.2707916715681,134.0,93.0,733.0,263.93,"Chicago, IL","Rochester, NY"
UA,NY-IL,16.5,15.97800464807437,90.0,NY,IL,19.415958647733348,1002.4164339611432,129.0,87.0,528.0,274.96,"Albany, NY","Chicago, IL"
UA,TX-LA,16.5,15.97800464807437,90.0,TX,LA,17.54749544933594,913.9345378547832,73.0,44.0,305.0,137.34,"Houston, TX","New Orleans, LA"
UA,PA-IL,16.5,15.97800464807437,90.0,PA,IL,7.742207245155855,135.77843302443134,148.0,118.0,678.0,261.11,"Allentown/Bethlehem/Easton, PA","Chicago, IL"
UA,IL-NC,16.5,15.97800464807437,90.0,IL,NC,12.824659727782226,513.657806244996,121.0,81.0,599.0,235.98,"Chicago, IL","Greensboro/High Point, NC"
UA,IL-MN,16.5,15.97800464807437,90.0,IL,MN,25.4685751183814,417.40292724924666,88.0,56.0,334.0,264.14,"Chicago, IL","Minneapolis/St. Paul, MN"
UA,IL-IA,16.5,15.97800464807437,90.0,IL,IA,2.442265795206972,41.26143790849673,86.0,48.0,299.0,261.36,"Chicago, IL","Des Moines, IA"
UA,CA-WA,16.5,15.97800464807437,90.0,CA,WA,7.494543710277012,866.8489027461326,129.0,92.0,679.0,78.06,"San Francisco, CA (Metropolitan Area)","Seattle, WA"
UA,IL-MI,16.5,15.97800464807437,90.0,IL,MI,18.72900466562986,126.6687402799378,60.0,24.0,137.0,97.79,"Chicago, IL","Detroit, MI"
UA,CO-MN,16.5,15.97800464807437,90.0,CO,MN,22.434444444444445,255.57481481481483,126.0,97.0,680.0,136.04,"Denver, CO","Minneapolis/St. Paul, MN"
UA,IA-CO,16.5,15.97800464807437,90.0,IA,CO,1.2734122712594187,68.48977395048439,125.0,84.0,589.0,157.34,"Cedar Rapids/Iowa City, IA","Denver, CO"
UA,NM-CO,16.5,15.97800464807437,90.0,NM,CO,4.14209726443769,103.06382978723404,90.0,68.0,349.0,94.09,"Albuquerque, NM","Denver, CO"
UA,ID-CO,16.5,15.97800464807437,90.0,ID,CO,-4.328431372549019,46.64052287581699,111.0,79.0,649.0,235.25,"Boise, ID","Denver, CO"
WN,TN-NC,11.7,12.493368359174076,74.0,TN,NC,23.77988614800759,117.41366223908918,80.0,63.0,442.0,98.62,"Nashville, TN","Raleigh/Durham, NC"
UA,IL-PA,16.5,15.97800464807437,90.0,IL,PA,26.55766423357664,426.82189781021896,125.0,90.0,678.0,264.17,"Chicago, IL","Harrisburg, PA"
WN,FL-NC,11.7,12.493368359174076,74.0,FL,NC,12.126876974339002,2486.55324765243,100.0,74.0,587.0,76.89,"Orlando, FL","Raleigh/Durham, NC"
WN,IL-NC,11.7,12.493368359174076,74.0,IL,NC,12.824659727782226,513.657806244996,110.0,77.0,632.0,133.66,"Chicago, IL","Raleigh/Durham, NC"
WN,AR-MO,11.7,12.493368359174076,74.0,AR,MO,4.487483530961792,117.61660079051383,75.0,53.0,296.0,98.3,"Little Rock, AR","St. Louis, MO"
F9,CO-CA,9.849999999999998,7.288303948348647,66.0,CO,CA,11.331903170445308,594.2950049679342,165.0,129.0,967.0,313.07,"Aspen, CO","Los Angeles, CA (Metropolitan Area)"
F9,CO-AZ,9.849999999999998,7.288303948348647,66.0,CO,AZ,4.885630498533724,224.19061583577712,123.0,90.0,602.0,94.86,"Denver, CO","Phoenix, AZ"
F9,MI-NJ,9.849999999999998,7.288303948348647,66.0,MI,NJ,-4.333333333333333,1.6666666666666667,100.0,68.0,464.0,87.45,"Detroit, MI","Trenton, NJ"
F9,NC-NJ,9.849999999999998,7.288303948348647,66.0,NC,NJ,3.75,2.0,93.0,73.0,484.0,74.91,"Charlotte, NC","Trenton, NJ"
F9,GA-NJ,9.849999999999998,7.288303948348647,66.0,GA,NJ,-2.8,3.4,125.0,94.0,701.0,86.43,"Atlanta, GA (Metropolitan Area)","Trenton, NJ"
F9,IL-NJ,9.849999999999998,7.288303948348647,66.0,IL,NJ,-7.0,1.0,120.0,93.0,693.0,91.64,"Chicago, IL","Trenton, NJ"
F9,CO-NV,9.849999999999998,7.288303948348647,66.0,CO,NV,12.33262260127932,97.46481876332622,117.0,88.0,628.0,111.18,"Colorado Springs, CO","Las Vegas, NV"
F9,CO-UT,9.849999999999998,7.288303948348647,66.0,CO,UT,6.767950963222416,70.50788091068301,89.0,57.0,391.0,117.06,"Denver, CO","Salt Lake City, UT"
F9,CO-TX,9.849999999999998,7.288303948348647,66.0,CO,TX,12.773691247018114,3210.0349961989145,137.0,118.0,862.0,148.03,"Denver, CO","El Paso, TX"
F9,TX-CO,9.849999999999998,7.288303948348647,66.0,TX,CO,5.043679580182127,1332.3561763646653,159.0,114.0,862.0,221.6,"Dallas/Fort Worth, TX","Denver, CO"
F9,IA-CO,9.849999999999998,7.288303948348647,66.0,IA,CO,1.2734122712594187,68.48977395048439,114.0,92.0,589.0,157.34,"Cedar Rapids/Iowa City, IA","Denver, CO"
F9,CO-MO,9.849999999999998,7.288303948348647,66.0,CO,MO,4.289504036908881,687.7547866205306,120.0,98.0,770.0,97.45,"Denver, CO","Kansas City, MO"
DL,GA-VA,,14.017270340107132,,GA,VA,14.875455008023796,2555.196876590082,95.0,69.0,508.0,220.79,"Atlanta, GA (Metropolitan Area)","Richmond, VA"
DL,GA-NC,,14.017270340107132,,GA,NC,16.405478395061728,1513.5812757201645,82.0,53.0,356.0,271.45,"Atlanta, GA (Metropolitan Area)","Charlotte, NC"
DL,MI-TN,,14.017270340107132,,MI,TN,14.903306613226452,166.05310621242484,106.0,73.0,456.0,233.05,"Detroit, MI","Memphis, TN"
DL,GA-AR,,14.017270340107132,,GA,AR,4.766906968760728,206.35942327497426,99.0,80.0,453.0,240.25,"Atlanta, GA (Metropolitan Area)","Little Rock, AR"
DL,GA-TN,,14.017270340107132,,GA,TN,10.73963196923922,846.0634441087614,84.0,64.0,332.0,289.74,"Atlanta, GA (Metropolitan Area)","Memphis, TN"
DL,MI-NC,,14.017270340107132,,MI,NC,10.985767000527147,348.37163943068003,107.0,74.0,501.0,269.6,"Detroit, MI","Raleigh/Durham, NC"
DL,GA-SC,,14.017270340107132,,GA,SC,14.670617082141398,356.1540662035145,57.0,31.0,153.0,230.26,"Atlanta, GA (Metropolitan Area)","Charleston, SC"
DL,MI-VA,,14.017270340107132,,MI,VA,29.689404934687957,390.4020319303338,93.0,62.0,405.0,204.93,"Detroit, MI","Norfolk, VA (Metropolitan Area)"
NK,SC-FL,10.5,26.352929313300397,90.0,SC,FL,8.671130952380953,48.24107142857143,102.0,93.0,529.0,154.51,"Charleston, SC","Miami, FL (Metropolitan Area)"
NK,MI-MO,10.5,26.352929313300397,90.0,MI,MO,6.991176470588235,470.52875816993463,124.0,95.0,629.0,262.29,"Detroit, MI","Kansas City, MO"
NK,FL-SC,10.5,26.352929313300397,90.0,FL,SC,50.90151515151515,18.545454545454547,99.0,75.0,529.0,127.59,"Miami, FL (Metropolitan Area)","Myrtle Beach, SC"
NK,MI-NY,10.5,26.352929313300397,90.0,MI,NY,31.28313864906044,202.1838496698832,109.0,69.0,502.0,269.98,"Detroit, MI","New York City, NY (Metropolitan Area)"
DL,NV-UT,,14.017270340107132,,NV,UT,16.17,75.54666666666667,79.0,51.0,368.0,78.19,"Reno, NV","Salt Lake City, UT"
DL,OR-UT,,14.017270340107132,,OR,UT,4.9916943521594686,40.28239202657807,101.0,82.0,630.0,83.91,"Portland, OR","Salt Lake City, UT"
DL,CA-UT,,14.017270340107132,,CA,UT,12.513363415480736,185.05553627212774,114.0,82.0,588.0,82.94,"Los Angeles, CA (Metropolitan Area)","Salt Lake City, UT"
DL,NM-UT,,14.017270340107132,,NM,UT,-4.873239436619718,6.690140845070423,105.0,77.0,493.0,195.34,"Albuquerque, NM","Salt Lake City, UT"
DL,GA-WI,,14.017270340107132,,GA,WI,2.941864041833282,283.25038449707785,123.0,91.0,669.0,223.32,"Atlanta, GA (Metropolitan Area)","Milwaukee, WI"
DL,MI-WI,,14.017270340107132,,MI,WI,12.911361410381978,193.60920666013712,87.0,51.0,311.0,295.75,"Detroit, MI","Milwaukee, WI"
DL,SC-NY,,14.017270340107132,,SC,NY,22.513776337115072,67.85899513776337,129.0,79.0,636.0,223.42,"Charleston, SC","New York City, NY (Metropolitan Area)"
DL,AZ-UT,,14.017270340107132,,AZ,UT,6.280182232346242,59.51480637813212,100.0,73.0,507.0,77.43,"Phoenix, AZ","Salt Lake City, UT"
DL,ID-UT,,14.017270340107132,,ID,UT,5.972727272727273,7.363636363636363,66.0,44.0,290.0,85.99,"Boise, ID","Salt Lake City, UT"
NK,NV-CA,10.5,26.352929313300397,90.0,NV,CA,19.051002147458835,1713.9622567840177,65.0,46.0,258.0,115.33,"Las Vegas, NV","San Diego, CA"
NK,FL-FL,10.5,26.352929313300397,90.0,FL,FL,20.929910616960974,1348.525942882058,62.0,36.0,197.0,134.51,"Orlando, FL","Pensacola, FL"
NK,NJ-SC,10.5,26.352929313300397,90.0,NJ,SC,-2.390625,18.75,95.0,74.0,466.0,95.15,"Atlantic City, NJ","Myrtle Beach, SC"
NK,FL-LA,10.5,26.352929313300397,90.0,FL,LA,8.50377922306205,340.259623835472,125.0,107.0,674.0,157.12,"Miami, FL (Metropolitan Area)","New Orleans, LA"
NK,LA-FL,10.5,26.352929313300397,90.0,LA,FL,16.604240282685513,218.547703180212,103.0,80.0,674.0,151.47,"New Orleans, LA","Tampa, FL (Metropolitan Area)"
NK,SC-NY,10.5,26.352929313300397,90.0,SC,NY,22.513776337115072,67.85899513776337,120.0,73.0,563.0,114.68,"Myrtle Beach, SC","New York City, NY (Metropolitan Area)"
UA,CA-AZ,16.5,15.97800464807437,90.0,CA,AZ,5.634694147179285,1033.9863918615406,122.0,86.0,651.0,76.78,"Los Angeles, CA (Metropolitan Area)","Phoenix, AZ"
UA,CO-AZ,16.5,15.97800464807437,90.0,CO,AZ,4.885630498533724,224.19061583577712,126.0,101.0,602.0,114.62,"Denver, CO","Tucson, AZ"
UA,CO-OK,16.5,15.97800464807437,90.0,CO,OK,15.0142478462558,593.0947647448642,101.0,71.0,541.0,255.54,"Denver, CO","Tulsa, OK"
UA,IL-IN,16.5,15.97800464807437,90.0,IL,IN,17.22074281709881,97.21443587946742,63.0,30.0,177.0,96.0,"Chicago, IL","Indianapolis, IN"
UA,CO-MO,16.5,15.97800464807437,90.0,CO,MO,4.289504036908881,687.7547866205306,96.0,71.0,533.0,97.16,"Colorado Springs, CO","Kansas City, MO"
UA,IL-TN,16.5,15.97800464807437,90.0,IL,TN,9.792908224076282,274.7651966626937,123.0,87.0,491.0,244.42,"Chicago, IL","Memphis, TN"
UA,IL-MO,16.5,15.97800464807437,90.0,IL,MO,10.36958155850664,1231.2773740917064,99.0,60.0,403.0,94.55,"Chicago, IL","Kansas City, MO"
UA,NC-IL,16.5,15.97800464807437,90.0,NC,IL,13.067853705486044,355.7696503047802,142.0,111.0,646.0,259.26,"Charlotte, NC","Chicago, IL"
UA,TX-TN,16.5,15.97800464807437,90.0,TX,TN,5.465274307984411,728.4679724193065,108.0,91.0,657.0,251.58,"Houston, TX","Nashville, TN"
UA,TX-MO,16.5,15.97800464807437,90.0,TX,MO,8.600981311782958,1863.0049065589149,123.0,100.0,643.0,266.96,"Houston, TX","Kansas City, MO"
UA,IL-NE,16.5,15.97800464807437,90.0,IL,NE,10.58595641646489,196.81501210653752,98.0,67.0,416.0,98.56,"Chicago, IL","Lincoln, NE"
UA,CO-IA,16.5,15.97800464807437,90.0,CO,IA,9.751322751322752,64.42504409171076,108.0,76.0,589.0,231.94,"Denver, CO","Des Moines, IA"
UA,CO-NE,16.5,15.97800464807437,90.0,CO,NE,2.630794701986755,112.66556291390728,93.0,64.0,472.0,139.47,"Denver, CO","Omaha, NE"
UA,GA-IL,16.5,15.97800464807437,90.0,GA,IL,16.5337601862631,731.113919840346,128.0,94.0,606.0,110.14,"Atlanta, GA (Metropolitan Area)","Chicago, IL"
DL,OH-NY,,14.017270340107132,,OH,NY,-4.560975609756097,26.951219512195124,107.0,68.0,479.0,375.2,"Cincinnati, OH","New York City, NY (Metropolitan Area)"
DL,MI-MO,,14.017270340107132,,MI,MO,6.991176470588235,470.52875816993463,128.0,93.0,629.0,316.35,"Detroit, MI","Kansas City, MO"
DL,GA-PA,,14.017270340107132,,GA,PA,19.77491314682757,605.8710916072408,120.0,91.0,666.0,234.17,"Atlanta, GA (Metropolitan Area)","Pittsburgh, PA"
DL,MN-PA,,14.017270340107132,,MN,PA,10.851261620185925,84.11553784860558,156.0,130.0,980.0,230.08,"Minneapolis/St. Paul, MN","Pittsburgh, PA"
DL,MI-PA,,14.017270340107132,,MI,PA,24.690331304935768,182.33333333333334,65.0,34.0,201.0,385.61,"Detroit, MI","Philadelphia, PA"
DL,CA-AZ,,14.017270340107132,,CA,AZ,5.634694147179285,1033.9863918615406,87.0,73.0,370.0,79.17,"Los Angeles, CA (Metropolitan Area)","Tucson, AZ"
DL,NY-PA,,14.017270340107132,,NY,PA,6.0125,59.917857142857144,70.0,26.0,94.0,266.71,"New York City, NY (Metropolitan Area)","Pittsburgh, PA"
DL,UT-AZ,,14.017270340107132,,UT,AZ,8.216524216524217,97.61253561253561,102.0,69.0,507.0,93.1,"Salt Lake City, UT","Tucson, AZ"
DL,OH-MI,,14.017270340107132,,OH,MI,-2.0,4.0,75.0,41.0,155.0,247.32,"Cincinnati, OH","Detroit, MI"
DL,WI-MN,,14.017270340107132,,WI,MN,7.997373604727511,141.9652002626395,74.0,44.0,228.0,112.19,"Milwaukee, WI","Minneapolis/St. Paul, MN"
DL,MI-MN,,14.017270340107132,,MI,MN,21.619111709286678,206.03454463885151,128.0,101.0,528.0,309.85,"Detroit, MI","Minneapolis/St. Paul, MN"
DL,MO-MN,,14.017270340107132,,MO,MN,17.70033388981636,228.26210350584307,90.0,73.0,393.0,302.63,"Kansas City, MO","Minneapolis/St. Paul, MN"
DL,CO-UT,,14.017270340107132,,CO,UT,6.767950963222416,70.50788091068301,106.0,67.0,391.0,94.91,"Denver, CO","Salt Lake City, UT"
DL,IL-MN,,14.017270340107132,,IL,MN,25.4685751183814,417.40292724924666,95.0,61.0,334.0,134.62,"Chicago, IL","Minneapolis/St. Paul, MN"
DL,CO-MN,,14.017270340107132,,CO,MN,22.434444444444445,255.57481481481483,120.0,90.0,680.0,139.44,"Denver, CO","Minneapolis/St. Paul, MN"
DL,IN-MN,,14.017270340107132,,IN,MN,46.64309764309764,26.892255892255893,119.0,95.0,503.0,247.1,"Indianapolis, IN","Minneapolis/St. Paul, MN"
DL,OH-MN,,14.017270340107132,,OH,MN,241.3101604278075,23.737967914438503,133.0,98.0,626.0,308.48,"Cincinnati, OH","Minneapolis/St. Paul, MN"
DL,TN-NY,,14.017270340107132,,TN,NY,-4.0,31.060606060606062,134.0,104.0,764.0,272.86,"Knoxville, TN","New York City, NY (Metropolitan Area)"
DL,KY-NY,,14.017270340107132,,KY,NY,2.315270935960591,18.064039408866996,129.0,89.0,585.0,254.72,"Louisville, KY","New York City, NY (Metropolitan Area)"
DL,GA-IA,,14.017270340107132,,GA,IA,1.5678610206297503,80.24647122692726,148.0,101.0,743.0,188.44,"Atlanta, GA (Metropolitan Area)","Des Moines, IA"
DL,ME-NY,,14.017270340107132,,ME,NY,-4.0,1.0,100.0,55.0,269.0,253.6,"Bangor, ME","New York City, NY (Metropolitan Area)"
DL,NC-NY,,14.017270340107132,,NC,NY,15.3423085928354,478.32029969562166,104.0,68.0,427.0,264.8,"Greensboro/High Point, NC","New York City, NY (Metropolitan Area)"
DL,GA-LA,,14.017270340107132,,GA,LA,8.871960404562083,574.0449752528513,100.0,77.0,425.0,110.89,"Atlanta, GA (Metropolitan Area)","New Orleans, LA"
DL,TN-MN,,14.017270340107132,,TN,MN,1.7814814814814814,58.8,139.0,106.0,700.0,270.03,"Memphis, TN","Minneapolis/St. Paul, MN"
DL,IN-NY,,14.017270340107132,,IN,NY,-2.25,2.5,128.0,93.0,660.0,281.94,"Indianapolis, IN","New York City, NY (Metropolitan Area)"
DL,GA-MS,,14.017270340107132,,GA,MS,8.230706410779911,406.5773785218457,81.0,67.0,341.0,265.03,"Atlanta, GA (Metropolitan Area)","Jackson/Vicksburg, MS"
DL,NC-FL,,14.017270340107132,,NC,FL,17.558717253839205,1562.9374686339456,121.0,84.0,534.0,236.37,"Charlotte, NC","Tampa, FL (Metropolitan Area)"
DL,MN-TN,,14.017270340107132,,MN,TN,15.055944055944057,41.83916083916084,124.0,101.0,700.0,266.58,"Minneapolis/St. Paul, MN","Nashville, TN"
DL,FL-NC,,14.017270340107132,,FL,NC,12.126876974339002,2486.55324765243,101.0,71.0,534.0,76.89,"Orlando, FL","Raleigh/Durham, NC"
DL,NY-NC,,14.017270340107132,,NY,NC,20.24961731904658,989.9409577957578,115.0,83.0,427.0,92.49,"Buffalo, NY","Raleigh/Durham, NC"
DL,MI-CT,,14.017270340107132,,MI,CT,39.50777202072539,27.756476683937823,106.0,70.0,549.0,266.96,"Detroit, MI","Hartford, CT"
DL,NY-VA,,14.017270340107132,,NY,VA,14.91046658259773,945.1988230348886,85.0,53.0,213.0,247.71,"New York City, NY (Metropolitan Area)","Richmond, VA"
F9,CO-NE,9.849999999999998,7.288303948348647,66.0,CO,NE,2.630794701986755,112.66556291390728,83.0,68.0,472.0,97.69,"Denver, CO","Omaha, NE"
AA,OH-PA,22.74,16.766158810527905,75.0,OH,PA,-5.024390243902439,39.048780487804876,99.0,50.0,363.0,320.06,"Cleveland, OH (Metropolitan Area)","Philadelphia, PA"
NK,SC-PA,10.5,26.352929313300397,90.0,SC,PA,37.67289719626168,26.91588785046729,88.0,83.0,456.0,109.43,"Myrtle Beach, SC","Philadelphia, PA"
NK,PA-SC,10.5,26.352929313300397,90.0,PA,SC,108.5229357798165,20.28440366972477,89.0,75.0,456.0,105.02,"Latrobe, PA","Myrtle Beach, SC"
NK,MI-SC,10.5,26.352929313300397,90.0,MI,SC,39.72727272727273,21.303030303030305,109.0,94.0,636.0,114.85,"Detroit, MI","Myrtle Beach, SC"
AA,SC-PA,22.74,16.766158810527905,75.0,SC,PA,37.67289719626168,26.91588785046729,111.0,77.0,550.0,265.57,"Charleston, SC","Philadelphia, PA"
AA,IN-PA,22.74,16.766158810527905,75.0,IN,PA,-3.0,1.0,115.0,91.0,588.0,286.6,"Indianapolis, IN","Philadelphia, PA"
DL,OR-WA,,14.017270340107132,,OR,WA,-3.112781954887218,11.330827067669173,56.0,31.0,129.0,128.66,"Medford, OR","Seattle, WA"
AA,IL-IN,22.74,16.766158810527905,75.0,IL,IN,17.22074281709881,97.21443587946742,58.0,32.0,177.0,89.62,"Chicago, IL","Indianapolis, IN"
UA,IL-KS,16.5,15.97800464807437,90.0,IL,KS,8.581538461538461,107.17846153846153,121.0,86.0,588.0,233.68,"Chicago, IL","Wichita, KS"
DL,WA-WA,,14.017270340107132,,WA,WA,8.03818301514154,135.76629361421988,73.0,43.0,224.0,128.29,"Pasco/Kennewick/Richland, WA","Seattle, WA"
F9,OH-NC,9.849999999999998,7.288303948348647,66.0,OH,NC,2.6579457364341086,114.93604651162791,94.0,62.0,416.0,118.11,"Cleveland, OH (Metropolitan Area)","Raleigh/Durham, NC"
NK,MI-MN,10.5,26.352929313300397,90.0,MI,MN,21.619111709286678,206.03454463885151,104.0,88.0,528.0,308.35,"Detroit, MI","Minneapolis/St. Paul, MN"
NK,GA-NJ,10.5,26.352929313300397,90.0,GA,NJ,-2.8,3.4,115.0,90.0,679.0,88.07,"Atlanta, GA (Metropolitan Area)","Atlantic City, NJ"
NK,NJ-MI,10.5,26.352929313300397,90.0,NJ,MI,-2.0,14.0,105.0,79.0,497.0,68.4,"Atlantic City, NJ","Detroit, MI"
NK,OH-SC,10.5,26.352929313300397,90.0,OH,SC,-3.888888888888889,3.6666666666666665,94.0,82.0,557.0,107.41,"Cleveland, OH (Metropolitan Area)","Myrtle Beach, SC"
F9,OH-PA,9.849999999999998,7.288303948348647,66.0,OH,PA,-5.024390243902439,39.048780487804876,85.0,60.0,363.0,261.4,"Cincinnati, OH","Philadelphia, PA"
UA,IL-SC,16.5,15.97800464807437,90.0,IL,SC,20.62,16.88,130.0,104.0,760.0,231.63,"Chicago, IL","Greenville/Spartanburg, SC"
